# {"t_start": 1745880912.9088664, "env_id": "Office-single-v0"} 
r,l,t
0.0,57,0.001005
0.0,7,0.001139
0.0,55,0.001848
0.0,16,0.002099
0.0,2,0.002154
0.0,10,0.002306
0.0,15,0.002511
0.0,16,0.002754
0.0,8,0.002876
0.0,28,0.003247
0.0,45,0.003898
0.0,23,0.004253
0.0,56,0.005034
0.0,22,0.005331
0.0,26,0.005671
0.0,39,0.006185
0.0,123,0.007732
0.0,110,0.009135
0.0,17,0.009391
0.0,92,0.010661
0.0,31,0.011099
0.0,28,0.011466
0.0,92,0.012596
0.0,51,0.013263
0.0,15,0.013508
0.0,37,0.014002
0.0,71,0.014952
0.0,61,0.015716
0.0,79,0.016732
0.0,78,0.017712
0.0,78,0.018677
0.0,36,0.019143
0.0,26,0.019487
0.0,46,0.020068
0.0,40,0.020569
0.0,73,0.021486
0.0,258,0.024711
0.0,115,0.026179
0.0,78,0.027198
0.0,99,0.028439
0.0,28,0.028812
0.0,8,0.028933
0.0,52,0.029612
0.0,70,0.030526
0.0,79,0.031574
0.0,70,0.032457
0.0,81,0.03352
0.0,48,0.034196
0.0,10,0.034348
0.0,124,0.035894
0.0,55,0.036602
0.0,65,0.037437
0.0,80,0.038455
0.0,60,0.03925
0.0,60,0.040021
0.0,34,0.040462
0.0,150,0.042309
0.0,77,0.043333
0.0,6,0.043437
0.0,168,0.045601
0.0,12,0.045794
0.0,172,0.047873
0.0,174,0.049986
0.0,431,0.05539
1.0,153,0.057334
0.0,2,0.05739
0.0,146,0.059258
0.0,36,0.059735
0.0,40,0.060284
0.0,58,0.061036
0.0,15,0.06126
0.0,39,0.061763
0.0,46,0.062401
0.0,42,0.062951
0.0,90,0.064122
0.0,41,0.064647
0.0,89,0.065781
0.0,191,0.068121
0.0,73,0.069042
0.0,57,0.069762
0.0,23,0.07008
0.0,22,0.070382
0.0,120,0.072029
0.0,31,0.072465
1.0,192,0.075015
0.0,44,0.075612
1.0,146,0.077444
0.0,10,0.077603
0.0,128,0.079183
0.0,25,0.079524
1.0,257,0.082714
1.0,214,0.085393
0.0,107,0.086772
0.0,35,0.087244
0.0,200,0.089729
0.0,92,0.090863
0.0,27,0.091236
0.0,54,0.09192
0.0,114,0.093382
0.0,243,0.096405
0.0,254,0.099534
1.0,316,0.103482
0.0,101,0.104855
0.0,5,0.104948
1.0,120,0.106419
0.0,21,0.10671
0.0,113,0.108098
0.0,155,0.110022
1.0,212,0.112921
0.0,115,0.114651
0.0,204,0.117194
0.0,120,0.118727
0.0,25,0.119091
0.0,47,0.119699
0.0,144,0.121585
1.0,178,0.12386
0.0,72,0.124879
0.0,17,0.125141
0.0,167,0.127251
0.0,21,0.127547
1.0,114,0.129
0.0,101,0.130465
0.0,116,0.131958
1.0,384,0.136789
1.0,220,0.139565
1.0,271,0.143175
0.0,47,0.14379
0.0,18,0.144157
0.0,281,0.147709
0.0,19,0.148005
0.0,209,0.150638
0.0,67,0.151514
0.0,4,0.151594
0.0,78,0.152634
0.0,41,0.153195
0.0,85,0.154325
0.0,31,0.154752
0.0,38,0.155285
0.0,48,0.155941
0.0,32,0.156384
1.0,125,0.157996
1.0,221,0.160816
1.0,153,0.1628
1.0,203,0.165498
0.0,207,0.168175
0.0,41,0.168735
1.0,189,0.171156
0.0,195,0.173627
0.0,21,0.173928
1.0,85,0.175071
0.0,93,0.176286
1.0,229,0.179197
0.0,7,0.17932
0.0,22,0.179623
0.0,39,0.180151
1.0,191,0.182584
0.0,53,0.183302
0.0,33,0.183743
0.0,72,0.184727
0.0,45,0.185335
0.0,63,0.186169
1.0,189,0.188508
0.0,27,0.188873
0.0,154,0.190807
0.0,4,0.190887
0.0,201,0.193442
0.0,76,0.194515
0.0,9,0.194662
1.0,208,0.197302
0.0,53,0.198007
0.0,8,0.198142
1.0,334,0.202342
0.0,112,0.203767
0.0,64,0.204647
0.0,47,0.205285
0.0,162,0.207319
0.0,15,0.207545
0.0,10,0.207702
0.0,10,0.207852
0.0,107,0.209203
1.0,116,0.210651
0.0,35,0.211129
0.0,45,0.211703
0.0,14,0.211902
0.0,4,0.211989
1.0,356,0.21647
0.0,61,0.217254
0.0,66,0.218099
0.0,36,0.218566
0.0,11,0.218725
1.0,209,0.221323
0.0,398,0.226279
0.0,145,0.228089
1.0,188,0.230398
1.0,217,0.233084
0.0,33,0.233526
0.0,147,0.235493
0.0,98,0.236731
1.0,220,0.239488
0.0,5,0.239586
0.0,11,0.23975
1.0,199,0.242504
0.0,17,0.242762
0.0,32,0.24322
0.0,48,0.243899
0.0,103,0.245267
1.0,150,0.24738
1.0,237,0.250511
1.0,122,0.252082
0.0,66,0.252924
0.0,219,0.255832
0.0,56,0.256581
1.0,61,0.257382
0.0,55,0.258157
0.0,98,0.259614
0.0,89,0.260791
0.0,27,0.261174
0.0,40,0.261698
0.0,4,0.261776
0.0,73,0.26272
0.0,13,0.262923
1.0,176,0.265254
0.0,241,0.268293
1.0,250,0.271664
0.0,107,0.273069
1.0,223,0.276002
0.0,114,0.277471
1.0,204,0.280166
0.0,78,0.281212
0.0,192,0.283664
0.0,9,0.283817
1.0,152,0.285866
0.0,66,0.286735
0.0,57,0.287489
1.0,139,0.289312
0.0,69,0.290229
0.0,51,0.290881
0.0,48,0.291523
1.0,306,0.295408
1.0,128,0.297042
0.0,194,0.299486
0.0,128,0.301148
0.0,280,0.304693
0.0,13,0.304937
1.0,189,0.30735
1.0,175,0.309567
0.0,12,0.309749
0.0,75,0.310699
0.0,161,0.312706
0.0,47,0.313334
1.0,83,0.3144
0.0,43,0.315003
0.0,135,0.316748
0.0,93,0.31792
1.0,115,0.319453
0.0,19,0.319731
1.0,215,0.322461
0.0,12,0.322649
1.0,80,0.32368
1.0,353,0.328007
0.0,34,0.328454
1.0,194,0.330839
0.0,11,0.331023
1.0,264,0.334289
1.0,475,0.340118
0.0,17,0.340366
0.0,9,0.340508
0.0,63,0.341295
0.0,2,0.341347
0.0,29,0.341743
1.0,223,0.344477
0.0,81,0.345551
0.0,67,0.346423
0.0,18,0.346677
1.0,134,0.348347
1.0,340,0.352496
0.0,20,0.352774
0.0,178,0.355183
0.0,19,0.355574
0.0,21,0.355895
1.0,311,0.359853
0.0,2,0.359923
0.0,17,0.360177
0.0,10,0.360335
1.0,60,0.361083
1.0,285,0.364527
0.0,4,0.364611
0.0,126,0.366257
0.0,18,0.366516
0.0,77,0.36748
0.0,143,0.369265
0.0,107,0.370592
0.0,77,0.371591
0.0,79,0.372589
0.0,13,0.372784
0.0,92,0.373936
0.0,77,0.37494
0.0,88,0.37616
0.0,41,0.376697
1.0,86,0.377785
0.0,44,0.378362
0.0,30,0.378764
0.0,108,0.380132
0.0,91,0.381318
0.0,144,0.383251
0.0,55,0.383976
1.0,284,0.387668
0.0,11,0.387855
0.0,13,0.38817
1.0,122,0.389704
0.0,135,0.391383
0.0,58,0.39214
1.0,138,0.393861
1.0,107,0.395309
0.0,133,0.397009
0.0,11,0.397182
0.0,13,0.397377
0.0,30,0.397777
0.0,43,0.398348
0.0,11,0.398515
0.0,104,0.399994
1.0,59,0.400819
1.0,124,0.402408
0.0,4,0.402489
1.0,98,0.403774
0.0,284,0.407416
1.0,224,0.410242
0.0,21,0.410536
1.0,244,0.413651
1.0,43,0.414238
1.0,78,0.415328
0.0,46,0.415939
0.0,17,0.416204
0.0,43,0.416764
1.0,75,0.417753
1.0,143,0.41958
0.0,26,0.419943
0.0,24,0.420293
1.0,99,0.421591
0.0,26,0.421943
1.0,213,0.424595
0.0,32,0.425043
0.0,300,0.428857
0.0,19,0.429146
0.0,137,0.430913
0.0,113,0.432372
0.0,49,0.433045
0.0,7,0.433177
0.0,10,0.433336
0.0,69,0.434236
0.0,97,0.435553
1.0,48,0.436214
0.0,236,0.439151
0.0,4,0.439242
0.0,138,0.440952
0.0,94,0.442165
1.0,80,0.443188
0.0,128,0.444791
1.0,66,0.445757
0.0,6,0.445891
1.0,161,0.447883
1.0,170,0.450008
0.0,9,0.450161
0.0,5,0.450248
0.0,16,0.450475
1.0,77,0.45145
0.0,216,0.454136
1.0,390,0.458953
1.0,183,0.461237
1.0,41,0.461777
0.0,29,0.462176
1.0,70,0.463083
1.0,171,0.465194
1.0,103,0.466506
0.0,32,0.466937
0.0,101,0.468214
1.0,93,0.469378
0.0,136,0.471139
0.0,70,0.472024
1.0,128,0.473637
0.0,59,0.474407
0.0,77,0.475458
0.0,193,0.477853
1.0,135,0.479531
0.0,74,0.480464
1.0,81,0.481539
0.0,10,0.481696
1.0,76,0.482667
1.0,208,0.485235
0.0,49,0.48593
1.0,60,0.486718
0.0,69,0.487602
0.0,49,0.488235
0.0,122,0.489743
1.0,82,0.490795
0.0,205,0.493366
0.0,36,0.493849
1.0,43,0.494417
1.0,329,0.498598
0.0,130,0.500223
1.0,50,0.500874
1.0,87,0.50199
1.0,230,0.504835
0.0,15,0.505067
1.0,243,0.508093
0.0,42,0.508636
1.0,29,0.50903
0.0,68,0.509874
0.0,13,0.51007
0.0,5,0.510158
1.0,35,0.510616
1.0,54,0.511314
0.0,119,0.512777
1.0,62,0.513575
1.0,70,0.514472
0.0,38,0.514976
0.0,56,0.515764
0.0,63,0.516726
1.0,29,0.517166
0.0,46,0.51776
1.0,30,0.518195
0.0,6,0.518297
1.0,38,0.518791
1.0,131,0.520428
1.0,45,0.521045
1.0,39,0.521561
1.0,428,0.526818
1.0,228,0.529946
1.0,47,0.530571
1.0,114,0.53203
1.0,28,0.532411
1.0,52,0.533084
1.0,25,0.533426
0.0,26,0.533834
0.0,21,0.534144
0.0,5,0.534236
1.0,24,0.534559
1.0,39,0.535084
1.0,43,0.535744
1.0,177,0.537953
0.0,64,0.538813
0.0,35,0.539284
1.0,37,0.539778
1.0,44,0.54038
0.0,4,0.540457
1.0,70,0.541358
1.0,27,0.541727
1.0,505,0.548381
0.0,9,0.54853
0.0,21,0.548815
1.0,31,0.549246
1.0,40,0.549767
0.0,68,0.550642
0.0,34,0.55111
0.0,18,0.55137
1.0,29,0.551755
0.0,25,0.552117
0.0,48,0.552758
0.0,50,0.553428
1.0,25,0.553777
0.0,24,0.55411
1.0,39,0.554629
0.0,27,0.555012
1.0,36,0.555511
1.0,147,0.557466
0.0,66,0.558374
1.0,34,0.55884
1.0,24,0.559198
0.0,5,0.559291
1.0,28,0.559677
1.0,33,0.560135
1.0,33,0.56058
1.0,117,0.562121
1.0,67,0.563006
1.0,36,0.5635
1.0,295,0.567263
0.0,88,0.568407
1.0,42,0.568971
1.0,31,0.569397
1.0,49,0.570035
1.0,26,0.570394
0.0,40,0.570929
0.0,8,0.571065
1.0,164,0.573133
1.0,32,0.573579
0.0,49,0.574235
1.0,38,0.574741
1.0,23,0.575079
1.0,26,0.575447
1.0,26,0.575838
0.0,152,0.577753
1.0,27,0.578143
1.0,39,0.578654
1.0,23,0.578975
1.0,43,0.579525
0.0,14,0.579725
1.0,37,0.580222
1.0,25,0.580559
1.0,27,0.580921
1.0,28,0.581312
1.0,122,0.582846
1.0,29,0.583387
0.0,6,0.583593
1.0,35,0.584179
1.0,60,0.585148
1.0,25,0.5855
0.0,375,0.590028
1.0,24,0.590374
1.0,23,0.590689
1.0,25,0.591034
1.0,23,0.591351
1.0,33,0.591787
1.0,48,0.592412
0.0,32,0.592837
1.0,32,0.593327
0.0,55,0.594047
1.0,28,0.594432
1.0,26,0.594786
1.0,25,0.595138
1.0,23,0.595464
1.0,26,0.595812
1.0,23,0.596158
1.0,25,0.596495
0.0,4,0.596581
1.0,24,0.596923
0.0,4,0.59702
1.0,33,0.597461
1.0,36,0.59793
0.0,15,0.598157
1.0,27,0.598525
1.0,25,0.598866
0.0,12,0.599052
1.0,32,0.599479
1.0,23,0.599797
1.0,24,0.600139
0.0,8,0.60027
1.0,24,0.600594
1.0,26,0.600942
1.0,25,0.601293
1.0,24,0.601638
1.0,26,0.602003
1.0,25,0.602345
1.0,25,0.602692
1.0,26,0.603057
0.0,15,0.603307
1.0,25,0.603659
1.0,31,0.604069
1.0,25,0.604404
0.0,17,0.604648
1.0,23,0.604975
1.0,23,0.605293
1.0,23,0.60561
1.0,122,0.607118
1.0,23,0.607439
1.0,25,0.607784
1.0,25,0.608156
1.0,31,0.608571
1.0,26,0.608916
1.0,40,0.609458
1.0,23,0.609778
1.0,25,0.610136
1.0,25,0.610477
1.0,23,0.610791
1.0,28,0.611176
1.0,23,0.611497
1.0,23,0.611809
1.0,39,0.612319
1.0,31,0.612724
1.0,23,0.613049
1.0,41,0.613688
1.0,25,0.614047
1.0,27,0.614401
0.0,18,0.614649
1.0,28,0.615034
0.0,74,0.615938
1.0,26,0.616314
1.0,27,0.616672
0.0,12,0.616846
0.0,16,0.617087
1.0,28,0.617473
1.0,25,0.61783
1.0,25,0.61822
1.0,25,0.618574
0.0,4,0.618648
1.0,30,0.6191
1.0,30,0.619515
1.0,38,0.620044
0.0,21,0.620384
1.0,31,0.620831
1.0,38,0.621335
1.0,59,0.622098
0.0,18,0.622368
0.0,11,0.622526
1.0,26,0.622871
0.0,4,0.622945
0.0,10,0.623114
1.0,24,0.623491
1.0,25,0.623845
1.0,25,0.62422
1.0,23,0.62454
1.0,25,0.624882
0.0,14,0.625095
0.0,13,0.625285
1.0,25,0.625623
1.0,28,0.626031
1.0,25,0.626391
1.0,25,0.626732
1.0,36,0.627212
1.0,23,0.627534
1.0,23,0.627855
1.0,25,0.628222
1.0,27,0.628595
0.0,6,0.628697
1.0,27,0.629083
1.0,24,0.62942
1.0,23,0.629739
1.0,23,0.630084
1.0,25,0.630435
1.0,25,0.63079
1.0,23,0.631132
1.0,30,0.631576
1.0,27,0.631948
1.0,27,0.632324
1.0,26,0.632683
1.0,26,0.633055
0.0,11,0.633228
1.0,23,0.633624
1.0,23,0.633995
1.0,25,0.634337
1.0,25,0.634676
1.0,30,0.635097
1.0,27,0.635462
1.0,25,0.635805
1.0,28,0.636196
1.0,25,0.636539
1.0,25,0.636878
1.0,27,0.637253
1.0,27,0.637629
1.0,29,0.63803
0.0,16,0.638268
1.0,26,0.638619
1.0,24,0.638944
1.0,23,0.639267
1.0,23,0.639584
1.0,30,0.639986
1.0,26,0.640335
1.0,26,0.640678
1.0,27,0.641047
0.0,4,0.641122
1.0,25,0.641456
1.0,34,0.64189
1.0,23,0.642217
1.0,23,0.642538
1.0,28,0.642907
1.0,25,0.643268
1.0,31,0.643734
0.0,129,0.645365
1.0,23,0.645682
0.0,15,0.645914
1.0,25,0.646275
0.0,7,0.646395
1.0,25,0.646737
1.0,63,0.64755
1.0,30,0.647948
0.0,10,0.648115
1.0,25,0.64846
1.0,23,0.648775
1.0,29,0.64917
1.0,23,0.649495
1.0,24,0.649823
0.0,12,0.650015
1.0,24,0.650344
1.0,23,0.650659
0.0,6,0.650774
1.0,29,0.651179
1.0,23,0.651502
1.0,23,0.651827
1.0,23,0.652237
1.0,23,0.65258
0.0,14,0.652792
0.0,17,0.653047
0.0,28,0.653449
0.0,13,0.653705
1.0,32,0.654169
1.0,31,0.654577
1.0,24,0.654941
1.0,23,0.655273
1.0,23,0.6556
1.0,25,0.65594
1.0,23,0.656262
1.0,25,0.656616
1.0,25,0.656953
1.0,25,0.657304
1.0,28,0.65768
1.0,24,0.658018
1.0,24,0.658368
1.0,25,0.658712
1.0,27,0.65909
1.0,31,0.659498
1.0,23,0.659816
1.0,23,0.660154
1.0,24,0.660493
1.0,27,0.660866
1.0,31,0.661286
1.0,118,0.662765
1.0,30,0.663224
1.0,23,0.663657
1.0,31,0.664162
0.0,57,0.665009
0.0,20,0.665287
1.0,27,0.665642
0.0,21,0.665932
1.0,26,0.666317
0.0,20,0.666595
0.0,18,0.666851
1.0,28,0.667253
0.0,17,0.66752
1.0,23,0.667854
1.0,25,0.668212
1.0,23,0.668531
0.0,18,0.668779
0.0,12,0.668951
0.0,9,0.669118
1.0,27,0.669485
1.0,25,0.669825
1.0,25,0.670196
1.0,27,0.670569
1.0,25,0.670914
0.0,77,0.671951
1.0,25,0.672324
0.0,17,0.672577
1.0,23,0.672908
1.0,25,0.673274
1.0,23,0.673652
1.0,28,0.674053
1.0,26,0.674409
1.0,24,0.674736
1.0,38,0.675266
1.0,23,0.675601
0.0,22,0.675913
0.0,10,0.676077
1.0,23,0.676404
1.0,25,0.676748
1.0,34,0.677226
1.0,25,0.677594
1.0,31,0.678056
1.0,25,0.678417
1.0,29,0.678804
1.0,24,0.679159
1.0,25,0.679509
1.0,23,0.679824
0.0,17,0.680079
0.0,13,0.680268
0.0,17,0.680513
1.0,55,0.681252
1.0,26,0.68161
1.0,29,0.68202
1.0,24,0.682348
0.0,19,0.68263
0.0,15,0.682839
1.0,53,0.683589
1.0,23,0.683975
1.0,24,0.68433
1.0,25,0.684672
1.0,24,0.685023
1.0,24,0.685356
1.0,27,0.685724
1.0,28,0.686127
1.0,29,0.68653
1.0,27,0.686894
1.0,24,0.687265
1.0,23,0.687583
1.0,23,0.687906
1.0,28,0.688299
1.0,26,0.688656
1.0,23,0.688982
0.0,17,0.689229
1.0,25,0.689569
1.0,196,0.692054
1.0,27,0.692435
1.0,27,0.692806
1.0,26,0.693171
1.0,23,0.693514
0.0,16,0.693796
1.0,27,0.694188
1.0,27,0.694562
1.0,24,0.694899
0.0,143,0.696706
1.0,27,0.697097
1.0,23,0.697426
1.0,25,0.697773
1.0,28,0.698168
0.0,20,0.698449
1.0,28,0.698826
1.0,25,0.699183
1.0,35,0.69965
1.0,23,0.699981
1.0,24,0.700317
1.0,27,0.700679
1.0,23,0.701007
1.0,27,0.701367
1.0,27,0.701768
1.0,31,0.702194
1.0,27,0.702564
1.0,68,0.703435
1.0,27,0.703894
1.0,23,0.704245
1.0,23,0.704566
1.0,27,0.704923
0.0,12,0.70511
1.0,32,0.705536
1.0,29,0.705924
1.0,25,0.706274
1.0,160,0.708271
1.0,27,0.708655
1.0,31,0.709088
1.0,27,0.709464
1.0,25,0.709802
1.0,23,0.710128
1.0,25,0.710472
1.0,24,0.710806
1.0,25,0.711168
1.0,26,0.711527
1.0,27,0.71189
1.0,23,0.712215
1.0,23,0.712534
1.0,23,0.712873
1.0,27,0.713244
0.0,25,0.713575
0.0,6,0.713707
1.0,25,0.714053
1.0,33,0.714481
0.0,14,0.714676
1.0,23,0.714999
1.0,25,0.715336
1.0,27,0.715696
1.0,23,0.716025
1.0,23,0.716336
1.0,25,0.716687
1.0,25,0.717071
1.0,86,0.718196
1.0,33,0.718626
0.0,17,0.718861
1.0,23,0.719187
1.0,24,0.719521
1.0,23,0.719839
1.0,23,0.720176
1.0,28,0.720546
1.0,25,0.720891
1.0,23,0.721216
1.0,24,0.721538
0.0,19,0.721802
0.0,8,0.721926
1.0,28,0.7223
1.0,23,0.722616
0.0,21,0.722904
1.0,30,0.723311
1.0,27,0.723709
1.0,23,0.724114
1.0,23,0.724459
1.0,23,0.724774
1.0,25,0.725145
1.0,23,0.725463
1.0,23,0.725777
1.0,23,0.726104
1.0,28,0.726475
1.0,29,0.726856
1.0,31,0.727279
1.0,25,0.727618
1.0,26,0.727978
0.0,14,0.72818
1.0,29,0.728563
1.0,23,0.728875
1.0,24,0.729203
1.0,25,0.729533
1.0,25,0.729864
1.0,33,0.730299
0.0,16,0.730525
1.0,31,0.730927
1.0,25,0.731277
1.0,23,0.731593
1.0,23,0.731904
1.0,25,0.732249
0.0,21,0.732534
1.0,34,0.73298
1.0,32,0.733391
1.0,23,0.733718
1.0,39,0.734246
1.0,29,0.734614
1.0,32,0.735034
0.0,14,0.735233
1.0,23,0.73554
1.0,25,0.73587
1.0,25,0.736206
1.0,24,0.736558
1.0,27,0.736913
0.0,17,0.73715
1.0,28,0.737513
1.0,26,0.737849
0.0,4,0.737921
1.0,29,0.73831
1.0,25,0.73864
1.0,25,0.738977
0.0,18,0.739232
0.0,19,0.739493
1.0,27,0.739851
0.0,8,0.739995
1.0,26,0.740346
1.0,28,0.740717
1.0,30,0.74112
1.0,25,0.741456
1.0,24,0.741771
1.0,27,0.742152
1.0,23,0.74248
1.0,27,0.742837
1.0,23,0.74317
1.0,23,0.743493
1.0,25,0.74387
1.0,23,0.744211
0.0,9,0.744354
1.0,28,0.744724
1.0,23,0.745048
1.0,27,0.745409
0.0,4,0.745483
1.0,25,0.745825
1.0,23,0.746151
1.0,23,0.746467
0.0,21,0.74675
0.0,8,0.746876
0.0,8,0.747007
1.0,25,0.747336
1.0,24,0.747671
1.0,23,0.748002
1.0,143,0.749725
1.0,24,0.750067
1.0,25,0.750406
1.0,23,0.750734
1.0,29,0.75113
1.0,26,0.75148
1.0,25,0.751822
1.0,27,0.752201
1.0,25,0.752545
0.0,14,0.752744
1.0,25,0.753097
1.0,25,0.753452
1.0,23,0.753786
0.0,14,0.754056
0.0,17,0.754301
1.0,24,0.754644
1.0,26,0.755006
1.0,26,0.755356
1.0,23,0.755669
0.0,14,0.755877
1.0,29,0.756283
1.0,25,0.75662
1.0,25,0.756954
1.0,25,0.75731
1.0,24,0.757632
1.0,25,0.757974
1.0,25,0.758349
1.0,28,0.758729
1.0,23,0.75908
0.0,4,0.759156
0.0,14,0.759357
0.0,19,0.759617
1.0,23,0.759937
1.0,28,0.760329
1.0,27,0.760694
1.0,25,0.761046
1.0,23,0.761366
1.0,340,0.765669
1.0,25,0.766042
0.0,14,0.766256
1.0,27,0.766629
1.0,27,0.767018
1.0,25,0.767369
1.0,29,0.767759
0.0,8,0.76789
0.0,19,0.768183
0.0,10,0.768337
1.0,25,0.768682
1.0,23,0.769017
0.0,6,0.76912
1.0,24,0.769451
0.0,19,0.769724
0.0,20,0.770018
0.0,4,0.770095
1.0,23,0.770416
1.0,23,0.770748
1.0,27,0.771145
0.0,12,0.77134
1.0,23,0.771651
0.0,14,0.771857
1.0,25,0.772211
1.0,23,0.772533
1.0,23,0.772853
0.0,14,0.773073
1.0,25,0.773418
1.0,28,0.773793
1.0,25,0.774208
1.0,23,0.774555
1.0,28,0.774927
0.0,16,0.775167
1.0,29,0.775557
1.0,32,0.775988
1.0,25,0.776324
0.0,6,0.776437
1.0,27,0.776807
1.0,25,0.777167
0.0,22,0.777468
1.0,25,0.7778
0.0,8,0.77793
1.0,25,0.778285
0.0,176,0.780439
1.0,23,0.780759
1.0,23,0.781087
1.0,31,0.781497
1.0,26,0.78184
1.0,26,0.782196
1.0,23,0.78252
0.0,11,0.782719
1.0,25,0.783081
1.0,23,0.783405
1.0,23,0.783736
1.0,25,0.784124
1.0,29,0.784513
1.0,25,0.784853
1.0,27,0.785237
0.0,16,0.785462
1.0,28,0.78583
0.0,6,0.785929
1.0,25,0.786301
0.0,6,0.786411
1.0,25,0.786755
1.0,25,0.787113
1.0,27,0.787473
1.0,23,0.787791
1.0,23,0.788122
1.0,27,0.788485
1.0,28,0.788856
1.0,29,0.78925
1.0,23,0.78957
1.0,23,0.789885
1.0,23,0.790215
1.0,26,0.790575
1.0,26,0.791034
0.0,18,0.791303
1.0,23,0.791615
1.0,30,0.792019
1.0,24,0.792344
1.0,27,0.792702
1.0,24,0.79304
1.0,32,0.79348
1.0,25,0.793845
1.0,27,0.794339
1.0,24,0.794672
1.0,23,0.795003
0.0,21,0.795296
1.0,24,0.795625
1.0,28,0.796023
1.0,53,0.796701
0.0,12,0.796885
1.0,25,0.79724
1.0,23,0.797562
1.0,23,0.797874
1.0,25,0.79822
1.0,31,0.79863
1.0,27,0.799
1.0,28,0.799382
1.0,120,0.800867
1.0,28,0.801277
1.0,23,0.801604
1.0,24,0.802002
1.0,23,0.802396
1.0,28,0.802872
1.0,28,0.803298
1.0,28,0.803678
0.0,4,0.803751
1.0,29,0.804184
0.0,22,0.804494
1.0,25,0.804832
1.0,26,0.805204
1.0,27,0.805569
1.0,31,0.806
1.0,53,0.806763
1.0,28,0.807171
0.0,18,0.807428
1.0,25,0.807784
1.0,24,0.808134
1.0,23,0.808454
1.0,25,0.808808
1.0,26,0.809196
0.0,16,0.809425
0.0,17,0.809667
1.0,23,0.80999
1.0,24,0.810339
1.0,28,0.810713
1.0,27,0.811101
1.0,24,0.811475
0.0,12,0.811668
1.0,29,0.812078
0.0,26,0.812439
0.0,72,0.81338
1.0,29,0.813776
1.0,30,0.814299
1.0,24,0.814643
1.0,26,0.815021
1.0,25,0.815372
1.0,26,0.815742
1.0,27,0.816135
0.0,12,0.816315
1.0,25,0.816665
1.0,31,0.817175
1.0,25,0.817534
1.0,29,0.817931
1.0,28,0.818342
1.0,29,0.818744
1.0,25,0.819112
1.0,29,0.819534
1.0,27,0.819945
1.0,25,0.820315
0.0,16,0.820551
0.0,14,0.820781
1.0,27,0.821163
1.0,24,0.821498
1.0,23,0.821825
1.0,23,0.822165
1.0,24,0.822498
0.0,24,0.822822
0.0,21,0.82312
1.0,24,0.82345
1.0,23,0.823774
0.0,10,0.82392
1.0,29,0.824353
1.0,27,0.824734
1.0,25,0.825083
1.0,23,0.825421
1.0,23,0.825748
1.0,24,0.826085
0.0,2,0.826134
1.0,25,0.826477
1.0,24,0.826814
1.0,23,0.827139
1.0,23,0.827459
1.0,25,0.827807
1.0,25,0.828166
1.0,26,0.828524
1.0,28,0.828929
1.0,27,0.829297
0.0,20,0.829576
1.0,25,0.829918
1.0,27,0.830296
1.0,23,0.830613
1.0,29,0.831014
1.0,23,0.831334
1.0,24,0.831661
0.0,8,0.831792
1.0,23,0.832122
1.0,27,0.832488
1.0,31,0.832901
1.0,25,0.833256
1.0,25,0.833604
1.0,27,0.833982
0.0,8,0.834137
1.0,26,0.834528
0.0,6,0.834628
1.0,25,0.834985
1.0,25,0.835328
1.0,24,0.835657
1.0,37,0.836154
0.0,19,0.836421
1.0,24,0.836746
1.0,25,0.8371
1.0,25,0.83744
0.0,4,0.837513
1.0,28,0.837882
1.0,23,0.838209
1.0,37,0.838689
1.0,25,0.839054
0.0,8,0.839178
1.0,27,0.83954
0.0,19,0.839803
1.0,23,0.840134
1.0,23,0.840451
1.0,29,0.840829
1.0,25,0.841218
1.0,23,0.841539
1.0,29,0.841929
1.0,33,0.842364
1.0,27,0.842724
1.0,104,0.844036
1.0,23,0.844464
1.0,25,0.844812
1.0,24,0.845154
1.0,23,0.845473
1.0,27,0.845848
1.0,25,0.846202
0.0,21,0.846488
1.0,46,0.847094
0.0,14,0.8473
0.0,16,0.847542
1.0,24,0.84787
1.0,27,0.84825
1.0,27,0.848628
1.0,28,0.849018
1.0,24,0.849355
1.0,25,0.849695
1.0,23,0.850023
1.0,23,0.850338
1.0,25,0.850679
1.0,25,0.851035
1.0,28,0.851414
1.0,25,0.851755
0.0,4,0.851828
1.0,23,0.85217
1.0,25,0.85253
1.0,26,0.852897
1.0,27,0.853266
1.0,24,0.853593
1.0,24,0.853919
1.0,25,0.854302
1.0,27,0.854667
0.0,19,0.854945
1.0,26,0.855313
1.0,33,0.855752
1.0,26,0.856121
1.0,25,0.856478
0.0,23,0.856792
1.0,25,0.857152
0.0,14,0.857365
0.0,8,0.857493
1.0,33,0.857925
1.0,29,0.858337
1.0,23,0.858658
1.0,29,0.859052
1.0,29,0.859436
0.0,6,0.859534
1.0,27,0.859891
1.0,25,0.860241
1.0,32,0.860662
1.0,31,0.861085
1.0,23,0.861404
1.0,28,0.861772
1.0,23,0.862096
1.0,23,0.862408
1.0,23,0.862723
1.0,23,0.863046
0.0,8,0.863179
1.0,31,0.863601
1.0,25,0.863955
1.0,25,0.86434
1.0,27,0.864762
1.0,25,0.865116
0.0,18,0.865367
1.0,27,0.865725
0.0,25,0.86606
0.0,21,0.866343
1.0,25,0.866678
1.0,28,0.867078
0.0,4,0.867163
0.0,4,0.867237
1.0,31,0.867645
1.0,24,0.867972
1.0,23,0.868304
1.0,27,0.868667
0.0,8,0.868796
1.0,25,0.869152
1.0,29,0.869541
0.0,4,0.869616
1.0,32,0.870043
1.0,25,0.87039
0.0,4,0.870465
1.0,123,0.87203
1.0,23,0.87236
1.0,24,0.872688
1.0,23,0.873019
1.0,29,0.87341
1.0,23,0.873735
1.0,23,0.874065
1.0,24,0.874433
0.0,8,0.874564
1.0,23,0.874896
1.0,23,0.875242
1.0,25,0.875586
1.0,30,0.876009
1.0,29,0.8764
1.0,25,0.87674
1.0,24,0.877086
0.0,4,0.877165
1.0,29,0.87755
1.0,23,0.877865
1.0,25,0.87822
1.0,27,0.878588
1.0,24,0.878917
1.0,25,0.87927
1.0,26,0.879623
0.0,20,0.879894
1.0,27,0.880267
1.0,25,0.880618
0.0,16,0.880849
1.0,31,0.881274
1.0,25,0.881612
1.0,26,0.881958
1.0,23,0.882283
1.0,29,0.882673
1.0,26,0.883038
1.0,29,0.88342
1.0,29,0.883799
1.0,23,0.884128
1.0,25,0.88454
1.0,25,0.884904
1.0,25,0.885271
1.0,25,0.885609
0.0,8,0.885739
1.0,28,0.886122
1.0,23,0.88644
0.0,20,0.886714
1.0,25,0.887069
1.0,28,0.887469
0.0,14,0.887671
1.0,30,0.888085
1.0,23,0.888406
1.0,24,0.888731
0.0,16,0.888956
0.0,8,0.8891
1.0,27,0.889484
1.0,27,0.88985
1.0,25,0.890207
1.0,23,0.890531
1.0,29,0.890924
0.0,19,0.891204
1.0,23,0.891528
1.0,23,0.891849
1.0,24,0.892198
0.0,16,0.892431
1.0,23,0.892759
0.0,9,0.8929
1.0,29,0.893317
1.0,25,0.89366
1.0,25,0.894015
1.0,23,0.894333
0.0,9,0.8945
1.0,23,0.89482
1.0,25,0.895166
1.0,25,0.895499
0.0,47,0.896107
1.0,25,0.896439
1.0,27,0.896795
1.0,23,0.897118
1.0,25,0.897454
1.0,28,0.897818
1.0,23,0.898141
1.0,30,0.898562
0.0,6,0.898659
0.0,18,0.898903
0.0,6,0.899011
1.0,24,0.899332
0.0,19,0.899593
1.0,26,0.899936
1.0,24,0.900268
1.0,26,0.900618
0.0,8,0.900741
1.0,25,0.901092
1.0,28,0.901459
1.0,26,0.901811
0.0,8,0.901931
1.0,29,0.902311
1.0,29,0.902689
1.0,29,0.903087
1.0,23,0.9034
1.0,25,0.903729
0.0,10,0.903881
0.0,14,0.904084
1.0,24,0.904444
0.0,16,0.904685
1.0,28,0.905071
1.0,25,0.905417
1.0,23,0.905727
1.0,28,0.906107
1.0,27,0.906467
1.0,26,0.906811
0.0,25,0.907143
0.0,22,0.907437
1.0,23,0.907748
1.0,25,0.908093
0.0,12,0.908268
1.0,29,0.908653
1.0,30,0.909055
1.0,29,0.909432
1.0,23,0.909741
0.0,6,0.909837
1.0,34,0.91029
1.0,31,0.910713
0.0,19,0.910993
1.0,28,0.911357
0.0,6,0.911455
1.0,27,0.911805
0.0,16,0.912035
1.0,25,0.912368
1.0,26,0.912709
1.0,25,0.913054
1.0,25,0.913387
1.0,30,0.913779
1.0,23,0.914111
1.0,24,0.914461
1.0,27,0.914906
1.0,26,0.915271
1.0,23,0.915595
1.0,29,0.915997
1.0,23,0.916315
1.0,26,0.916697
1.0,25,0.917054
1.0,23,0.917383
1.0,29,0.917756
1.0,26,0.918187
1.0,25,0.918525
1.0,23,0.918836
1.0,24,0.919169
1.0,28,0.919538
1.0,27,0.919895
1.0,27,0.920269
1.0,42,0.920816
1.0,25,0.921169
1.0,31,0.92157
1.0,27,0.921939
1.0,24,0.922289
0.0,20,0.922565
1.0,27,0.922915
0.0,22,0.923223
1.0,25,0.923559
1.0,23,0.923868
0.0,16,0.924102
0.0,14,0.924304
1.0,27,0.924701
1.0,25,0.925049
1.0,23,0.925357
1.0,25,0.925694
1.0,25,0.926045
0.0,16,0.926274
1.0,23,0.926582
0.0,16,0.926808
1.0,25,0.927154
1.0,23,0.92747
1.0,29,0.927844
1.0,29,0.928252
1.0,23,0.928565
0.0,14,0.928756
1.0,23,0.929094
0.0,8,0.929231
1.0,29,0.929617
1.0,23,0.929928
1.0,26,0.930288
0.0,6,0.930399
1.0,23,0.930716
0.0,21,0.931122
1.0,28,0.931502
1.0,25,0.931845
1.0,23,0.932174
1.0,27,0.932541
0.0,8,0.932673
1.0,25,0.933023
1.0,23,0.933382
1.0,26,0.933732
1.0,28,0.934123
1.0,23,0.934443
1.0,27,0.934916
1.0,23,0.935245
1.0,24,0.935576
1.0,29,0.935956
1.0,25,0.936308
0.0,14,0.936512
1.0,26,0.936861
1.0,23,0.937182
0.0,8,0.937311
1.0,30,0.937699
0.0,6,0.937799
0.0,17,0.938046
1.0,25,0.938387
1.0,29,0.938769
1.0,25,0.939125
1.0,24,0.93945
1.0,25,0.93979
1.0,43,0.940359
1.0,27,0.94072
0.0,21,0.94102
1.0,25,0.94136
0.0,19,0.941634
1.0,24,0.942038
1.0,23,0.942421
1.0,25,0.94285
1.0,27,0.943276
1.0,28,0.94364
0.0,4,0.943714
1.0,30,0.944134
1.0,25,0.944475
1.0,27,0.944874
1.0,24,0.94523
0.0,23,0.945567
1.0,23,0.945912
1.0,29,0.946342
0.0,14,0.946552
1.0,25,0.946886
1.0,23,0.947215
1.0,23,0.947533
1.0,23,0.947846
1.0,28,0.948236
1.0,23,0.948559
1.0,25,0.948894
1.0,23,0.949231
1.0,23,0.949552
1.0,23,0.94987
1.0,24,0.95023
0.0,19,0.950518
1.0,26,0.950872
1.0,23,0.951227
1.0,26,0.951585
1.0,29,0.951993
1.0,24,0.95233
1.0,31,0.952752
1.0,25,0.953118
1.0,25,0.953467
1.0,31,0.953883
1.0,31,0.954325
1.0,26,0.954738
1.0,28,0.955175
1.0,23,0.955499
0.0,6,0.955603
1.0,32,0.956046
1.0,25,0.956406
1.0,25,0.9568
1.0,27,0.957258
1.0,25,0.957604
1.0,26,0.957956
1.0,24,0.958328
1.0,23,0.95869
1.0,23,0.959065
1.0,25,0.959433
1.0,24,0.959765
1.0,23,0.960109
1.0,26,0.960467
1.0,25,0.96081
1.0,23,0.961165
1.0,23,0.96149
1.0,27,0.961854
1.0,27,0.962239
0.0,8,0.962376
0.0,14,0.962585
1.0,25,0.962929
1.0,25,0.963308
1.0,27,0.963677
1.0,23,0.964021
1.0,29,0.964447
0.0,10,0.964602
0.0,17,0.964882
1.0,27,0.965276
1.0,25,0.965627
1.0,28,0.966037
1.0,23,0.96636
1.0,23,0.966679
1.0,23,0.967021
1.0,23,0.96736
1.0,23,0.967679
1.0,25,0.968088
0.0,6,0.968199
1.0,29,0.968593
1.0,23,0.96891
1.0,23,0.969251
1.0,26,0.969611
1.0,117,0.971139
0.0,17,0.971396
1.0,23,0.971726
1.0,26,0.972106
1.0,29,0.972511
1.0,25,0.972863
1.0,23,0.973206
1.0,28,0.973592
1.0,30,0.974011
0.0,4,0.974092
1.0,29,0.974488
1.0,28,0.974909
1.0,24,0.975258
1.0,25,0.975612
0.0,10,0.97577
1.0,25,0.976134
0.0,21,0.976432
1.0,25,0.97681
1.0,26,0.977187
0.0,12,0.977369
0.0,14,0.977576
0.0,19,0.97785
1.0,31,0.978288
1.0,23,0.978614
1.0,26,0.978987
0.0,18,0.979247
1.0,23,0.979563
1.0,25,0.979903
1.0,27,0.98032
1.0,25,0.980667
1.0,28,0.981051
1.0,25,0.981403
1.0,25,0.981748
1.0,27,0.982136
1.0,24,0.982485
1.0,25,0.982831
1.0,24,0.983195
0.0,12,0.983382
1.0,27,0.983756
1.0,28,0.984163
0.0,19,0.984442
1.0,23,0.984805
1.0,27,0.985383
1.0,27,0.985771
1.0,28,0.986177
1.0,25,0.986531
1.0,27,0.986898
1.0,23,0.987226
0.0,25,0.987587
1.0,31,0.988019
1.0,23,0.988343
0.0,12,0.988524
0.0,16,0.988751
1.0,26,0.989118
1.0,28,0.989497
1.0,27,0.989865
0.0,16,0.990104
0.0,16,0.990337
0.0,15,0.990548
1.0,27,0.990914
0.0,14,0.991121
0.0,16,0.99137
0.0,16,0.991599
1.0,33,0.992046
0.0,16,0.992279
1.0,26,0.992621
1.0,75,0.993618
1.0,28,0.994004
0.0,18,0.994266
1.0,28,0.994633
1.0,25,0.99503
1.0,23,0.995348
1.0,31,0.995759
1.0,25,0.996109
1.0,33,0.996535
1.0,25,0.996868
1.0,23,0.997195
0.0,14,0.9974
1.0,25,0.997737
0.0,19,0.998008
1.0,23,0.998323
1.0,24,0.998651
1.0,25,0.999001
1.0,25,0.99934
1.0,23,0.999655
0.0,15,0.999862
1.0,25,1.00021
0.0,20,1.000488
1.0,23,1.000803
1.0,23,1.001131
0.0,22,1.001435
1.0,29,1.001817
1.0,28,1.002206
1.0,29,1.002612
1.0,25,1.002955
1.0,28,1.003339
1.0,25,1.003682
1.0,25,1.004032
0.0,17,1.004272
1.0,30,1.004656
1.0,178,1.006936
1.0,31,1.007387
1.0,36,1.007856
1.0,27,1.008249
0.0,8,1.008386
1.0,26,1.008756
1.0,28,1.009162
0.0,16,1.009404
1.0,26,1.009771
1.0,23,1.010122
1.0,25,1.010477
1.0,29,1.010882
1.0,26,1.011258
1.0,28,1.011649
1.0,29,1.012067
1.0,23,1.012401
1.0,25,1.012764
1.0,29,1.013179
1.0,23,1.013512
0.0,6,1.013615
1.0,28,1.014014
0.0,19,1.014296
1.0,31,1.014721
1.0,23,1.015126
1.0,25,1.015481
0.0,4,1.015556
1.0,25,1.015897
1.0,25,1.01626
1.0,25,1.016611
1.0,29,1.017024
1.0,23,1.017384
1.0,27,1.017757
1.0,31,1.018206
1.0,28,1.018595
0.0,14,1.018803
1.0,27,1.019193
1.0,27,1.019558
1.0,23,1.019888
1.0,25,1.020246
1.0,28,1.020633
0.0,7,1.020758
1.0,23,1.021096
1.0,25,1.021449
0.0,18,1.021707
0.0,6,1.021809
1.0,24,1.022154
0.0,4,1.022232
1.0,44,1.022811
0.0,6,1.022922
1.0,27,1.023312
1.0,27,1.023709
0.0,23,1.024055
1.0,27,1.02448
1.0,27,1.025185
0.0,12,1.025438
1.0,24,1.025819
1.0,27,1.026234
1.0,29,1.026637
1.0,25,1.02699
1.0,25,1.027324
1.0,25,1.02766
1.0,28,1.028044
1.0,25,1.028379
1.0,23,1.028689
0.0,6,1.028787
1.0,26,1.029148
0.0,20,1.02942
1.0,27,1.029779
1.0,23,1.030103
1.0,24,1.030428
0.0,6,1.030526
1.0,25,1.03086
1.0,25,1.031208
0.0,19,1.031469
1.0,28,1.031835
0.0,19,1.032103
1.0,23,1.032417
1.0,27,1.032775
1.0,29,1.033168
1.0,25,1.033499
1.0,23,1.033809
1.0,25,1.034158
1.0,23,1.03447
1.0,23,1.034779
1.0,26,1.035213
1.0,26,1.03556
0.0,4,1.035633
1.0,28,1.03602
1.0,25,1.03635
0.0,16,1.03657
1.0,25,1.036895
1.0,25,1.037233
0.0,10,1.037385
1.0,26,1.037729
0.0,8,1.037864
1.0,23,1.038184
1.0,28,1.038581
1.0,23,1.038891
1.0,29,1.039275
1.0,23,1.039594
1.0,25,1.039926
0.0,23,1.040244
1.0,27,1.040608
1.0,25,1.040936
1.0,25,1.04128
1.0,25,1.04161
1.0,27,1.041957
1.0,24,1.042284
1.0,25,1.042616
1.0,24,1.042932
0.0,4,1.043017
1.0,23,1.043344
1.0,23,1.043653
1.0,24,1.043978
1.0,27,1.04435
0.0,21,1.044629
1.0,27,1.045078
0.0,8,1.045208
1.0,29,1.045581
1.0,23,1.045898
1.0,27,1.046253
1.0,26,1.0466
1.0,29,1.046986
1.0,25,1.047319
1.0,27,1.04768
1.0,29,1.048073
1.0,27,1.048435
1.0,24,1.048758
1.0,24,1.049096
1.0,26,1.049445
1.0,23,1.049787
1.0,28,1.050174
0.0,4,1.050251
1.0,25,1.050589
1.0,27,1.050946
0.0,8,1.051085
1.0,23,1.051397
0.0,14,1.051594
1.0,24,1.051915
0.0,4,1.051998
0.0,19,1.05226
1.0,27,1.052618
1.0,25,1.052954
1.0,23,1.05328
1.0,23,1.053615
0.0,14,1.053832
1.0,23,1.054221
1.0,29,1.054609
1.0,29,1.055162
0.0,21,1.055461
0.0,4,1.055537
1.0,23,1.055851
0.0,20,1.056145
1.0,23,1.056471
1.0,25,1.056803
0.0,6,1.056902
1.0,27,1.057281
1.0,28,1.057678
0.0,19,1.057938
1.0,23,1.058269
1.0,25,1.058603
1.0,27,1.058959
1.0,23,1.059293
1.0,28,1.059661
1.0,28,1.060046
0.0,16,1.060284
1.0,25,1.060628
1.0,25,1.061008
1.0,27,1.061382
1.0,27,1.061753
1.0,25,1.062114
0.0,6,1.062217
1.0,26,1.062572
1.0,25,1.062909
0.0,21,1.063209
1.0,267,1.066607
1.0,30,1.067036
0.0,4,1.067116
1.0,25,1.067469
1.0,25,1.067819
1.0,30,1.068255
1.0,27,1.068626
1.0,27,1.069015
1.0,28,1.069405
1.0,23,1.069731
1.0,27,1.070114
0.0,6,1.070218
1.0,29,1.070608
0.0,14,1.070829
0.0,8,1.070957
1.0,25,1.071313
0.0,17,1.071561
0.0,6,1.071661
1.0,26,1.072033
0.0,9,1.072178
1.0,27,1.07256
1.0,23,1.073001
1.0,25,1.073391
1.0,25,1.073734
1.0,34,1.074212
0.0,4,1.07429
1.0,25,1.074643
1.0,25,1.075074
1.0,25,1.075513
1.0,28,1.0759
1.0,23,1.076231
1.0,27,1.076605
1.0,31,1.077031
1.0,23,1.07736
0.0,21,1.077652
1.0,23,1.077986
1.0,29,1.078372
0.0,8,1.078503
1.0,28,1.078884
1.0,29,1.079282
1.0,31,1.079696
1.0,24,1.080037
1.0,33,1.080469
1.0,24,1.080793
1.0,23,1.081122
1.0,25,1.081465
1.0,23,1.081783
1.0,24,1.082144
1.0,25,1.082508
1.0,25,1.08285
1.0,24,1.08322
0.0,11,1.083392
1.0,29,1.083819
1.0,31,1.084352
0.0,6,1.084488
1.0,23,1.084864
1.0,25,1.085314
1.0,26,1.085682
1.0,27,1.086086
1.0,23,1.086411
1.0,23,1.086737
0.0,16,1.086973
1.0,32,1.087408
1.0,23,1.08773
1.0,23,1.088067
0.0,6,1.088179
1.0,27,1.088555
1.0,32,1.089011
1.0,25,1.089381
0.0,27,1.089752
1.0,28,1.090151
1.0,23,1.090488
1.0,30,1.0909
1.0,25,1.091255
0.0,20,1.091547
1.0,24,1.091893
1.0,24,1.092247
1.0,23,1.092581
1.0,23,1.092914
1.0,27,1.093324
0.0,10,1.093485
1.0,25,1.093843
1.0,28,1.094252
1.0,27,1.094638
1.0,23,1.094976
1.0,26,1.095504
1.0,25,1.095888
1.0,25,1.096253
1.0,23,1.096585
1.0,27,1.096974
1.0,28,1.097363
1.0,29,1.097765
1.0,23,1.0981
1.0,23,1.098428
1.0,24,1.098767
1.0,26,1.099138
1.0,31,1.0996
1.0,29,1.10001
1.0,25,1.100358
1.0,27,1.100724
0.0,8,1.100858
1.0,23,1.101202
0.0,16,1.101445
1.0,26,1.101802
1.0,23,1.102141
0.0,21,1.102445
0.0,16,1.102679
1.0,25,1.10308
1.0,23,1.103426
1.0,23,1.103767
1.0,27,1.104159
1.0,27,1.104536
1.0,27,1.104904
1.0,23,1.105312
1.0,24,1.105661
0.0,14,1.105871
0.0,21,1.10618
1.0,29,1.106583
1.0,27,1.106972
1.0,23,1.107306
1.0,23,1.107627
0.0,23,1.107973
1.0,23,1.108297
1.0,23,1.108622
0.0,17,1.108869
1.0,24,1.109216
1.0,30,1.109625
1.0,27,1.110009
1.0,25,1.11036
1.0,27,1.110731
1.0,29,1.111141
1.0,29,1.111536
1.0,23,1.111854
1.0,23,1.112188
1.0,25,1.11255
1.0,24,1.112881
1.0,25,1.113241
1.0,23,1.113569
1.0,24,1.113908
1.0,34,1.114378
1.0,27,1.114755
1.0,25,1.115186
1.0,24,1.115536
1.0,25,1.115891
0.0,17,1.116157
1.0,23,1.116488
1.0,26,1.116854
1.0,23,1.117188
0.0,4,1.117293
1.0,41,1.117858
1.0,29,1.118289
1.0,23,1.118617
1.0,24,1.118994
1.0,28,1.119382
1.0,23,1.119709
0.0,19,1.119991
1.0,27,1.120385
1.0,29,1.120788
1.0,29,1.12122
0.0,21,1.121532
1.0,25,1.121884
1.0,25,1.122247
1.0,25,1.122595
0.0,24,1.122926
0.0,14,1.123147
1.0,25,1.123501
0.0,21,1.123797
0.0,16,1.124039
1.0,25,1.124395
1.0,29,1.124793
1.0,27,1.125311
1.0,25,1.125695
1.0,25,1.126055
1.0,36,1.126532
1.0,24,1.126868
1.0,29,1.127274
1.0,27,1.12765
1.0,25,1.128006
1.0,27,1.128378
0.0,6,1.128489
0.0,20,1.128768
1.0,23,1.1291
0.0,19,1.129383
1.0,24,1.129713
0.0,7,1.12983
0.0,4,1.129904
1.0,29,1.130308
1.0,28,1.130682
0.0,6,1.130788
1.0,24,1.131134
0.0,21,1.131446
1.0,23,1.131767
1.0,25,1.13212
1.0,28,1.132499
1.0,25,1.132839
0.0,17,1.133088
1.0,25,1.133429
1.0,25,1.133764
1.0,23,1.134093
0.0,9,1.134237
1.0,23,1.134554
1.0,25,1.134893
1.0,29,1.135374
1.0,24,1.135716
1.0,23,1.136053
1.0,24,1.136387
1.0,26,1.13674
0.0,10,1.136893
1.0,26,1.137253
1.0,25,1.137593
0.0,12,1.137774
1.0,24,1.138111
1.0,23,1.138423
1.0,23,1.138737
0.0,36,1.13922
1.0,27,1.139584
1.0,25,1.139914
1.0,23,1.140235
0.0,25,1.140572
1.0,25,1.140909
1.0,27,1.141278
1.0,28,1.141652
1.0,26,1.142012
1.0,24,1.142342
1.0,25,1.142693
1.0,27,1.14307
1.0,23,1.143387
1.0,25,1.143718
0.0,18,1.143973
0.0,14,1.144193
1.0,30,1.144586
1.0,27,1.144943
1.0,23,1.145393
1.0,29,1.14582
1.0,29,1.146229
1.0,25,1.146583
1.0,27,1.146946
1.0,23,1.147274
1.0,29,1.147665
1.0,25,1.148018
0.0,17,1.148257
1.0,25,1.148593
0.0,18,1.148848
1.0,31,1.149311
1.0,25,1.14966
1.0,25,1.150023
0.0,15,1.150243
1.0,27,1.150619
1.0,23,1.150942
1.0,23,1.151274
1.0,23,1.151602
1.0,27,1.151979
0.0,6,1.15209
1.0,25,1.152437
1.0,23,1.152759
1.0,24,1.153106
0.0,8,1.153239
1.0,27,1.153617
1.0,25,1.153989
1.0,27,1.15435
1.0,23,1.154673
1.0,25,1.155034
1.0,25,1.155448
1.0,29,1.155836
1.0,28,1.156225
1.0,25,1.156578
1.0,29,1.156958
0.0,21,1.157266
1.0,24,1.157586
1.0,34,1.158058
1.0,25,1.158412
1.0,35,1.158877
1.0,27,1.159253
0.0,26,1.159596
1.0,25,1.159933
1.0,23,1.160251
1.0,29,1.160637
1.0,26,1.160994
1.0,25,1.161334
1.0,27,1.161689
1.0,23,1.162017
0.0,22,1.162322
0.0,14,1.162524
1.0,25,1.162863
1.0,27,1.163242
1.0,31,1.16365
1.0,23,1.163977
1.0,23,1.164299
1.0,26,1.164654
1.0,29,1.165044
1.0,25,1.165506
1.0,26,1.165894
0.0,11,1.166097
1.0,28,1.166476
1.0,25,1.166818
1.0,23,1.167145
1.0,27,1.167505
1.0,24,1.167843
1.0,29,1.16825
0.0,6,1.168362
1.0,27,1.168718
1.0,25,1.169064
1.0,24,1.169388
1.0,23,1.169699
1.0,28,1.170086
1.0,25,1.170426
1.0,30,1.170833
1.0,27,1.171209
1.0,23,1.17153
1.0,23,1.171839
0.0,22,1.172152
1.0,24,1.172489
1.0,27,1.172855
0.0,21,1.173152
1.0,25,1.173493
1.0,23,1.173805
1.0,23,1.174126
1.0,26,1.174479
0.0,16,1.174707
0.0,16,1.174933
1.0,23,1.175315
0.0,4,1.175395
0.0,25,1.17573
1.0,23,1.176059
1.0,25,1.176414
0.0,18,1.176665
1.0,26,1.177027
1.0,25,1.177405
1.0,24,1.177734
1.0,27,1.178106
1.0,30,1.178504
1.0,27,1.178863
1.0,26,1.179223
0.0,25,1.179562
1.0,29,1.179973
1.0,23,1.180298
1.0,23,1.18061
1.0,29,1.181007
1.0,25,1.181347
1.0,25,1.181688
1.0,30,1.182087
0.0,10,1.18225
1.0,24,1.182586
1.0,25,1.182927
1.0,23,1.183256
0.0,20,1.183529
1.0,25,1.183866
1.0,25,1.184215
0.0,12,1.184394
1.0,27,1.184753
1.0,25,1.18512
0.0,19,1.185506
1.0,27,1.185905
1.0,23,1.186235
0.0,6,1.186343
1.0,25,1.186676
1.0,25,1.187027
1.0,26,1.187381
0.0,19,1.18764
0.0,7,1.187747
1.0,26,1.188103
1.0,24,1.188444
0.0,8,1.188578
1.0,33,1.189021
1.0,29,1.189413
1.0,27,1.189773
1.0,28,1.190158
1.0,29,1.190544
1.0,23,1.190857
1.0,23,1.19119
1.0,30,1.191596
1.0,29,1.191988
0.0,4,1.192065
0.0,6,1.192166
1.0,27,1.192528
1.0,27,1.192896
1.0,23,1.193233
0.0,8,1.193376
1.0,23,1.193694
1.0,25,1.194043
1.0,26,1.194397
1.0,24,1.194721
1.0,25,1.195075
0.0,12,1.195256
1.0,25,1.195649
1.0,27,1.196026
1.0,29,1.196428
1.0,23,1.196741
1.0,23,1.19707
1.0,27,1.197433
1.0,27,1.197795
1.0,25,1.198145
1.0,27,1.198506
1.0,30,1.198907
1.0,31,1.199333
1.0,23,1.199656
1.0,24,1.199996
0.0,8,1.200123
1.0,24,1.200451
1.0,23,1.200795
0.0,18,1.201066
0.0,4,1.201144
1.0,27,1.201505
1.0,27,1.201867
1.0,25,1.202219
1.0,25,1.202568
1.0,25,1.2029
1.0,27,1.203266
0.0,19,1.203543
1.0,27,1.203908
0.0,16,1.204142
1.0,23,1.204458
0.0,12,1.204636
1.0,23,1.204955
1.0,25,1.205368
1.0,25,1.20574
1.0,25,1.206094
1.0,26,1.206446
1.0,26,1.206802
1.0,24,1.207143
1.0,27,1.207524
0.0,6,1.207624
1.0,27,1.207999
0.0,19,1.208268
1.0,26,1.208625
1.0,26,1.208995
0.0,17,1.209234
0.0,19,1.209496
1.0,25,1.209833
0.0,10,1.210003
1.0,29,1.210401
1.0,31,1.210811
1.0,23,1.211144
0.0,23,1.21146
1.0,24,1.211792
0.0,18,1.212089
1.0,27,1.212453
1.0,23,1.212766
1.0,26,1.21314
1.0,27,1.213507
0.0,17,1.213747
0.0,17,1.214003
1.0,23,1.214322
1.0,26,1.214672
1.0,26,1.215031
1.0,27,1.215563
1.0,23,1.216023
1.0,23,1.216354
1.0,23,1.216674
1.0,27,1.217062
1.0,26,1.217422
1.0,23,1.217736
0.0,16,1.217981
1.0,31,1.21841
0.0,15,1.218619
1.0,25,1.218952
1.0,26,1.219314
1.0,29,1.219708
1.0,24,1.220047
1.0,25,1.220385
0.0,16,1.220615
1.0,24,1.220957
0.0,6,1.221072
1.0,23,1.221433
1.0,25,1.221827
1.0,25,1.222185
1.0,25,1.222529
1.0,33,1.222949
1.0,25,1.223292
1.0,27,1.223685
1.0,23,1.224013
1.0,23,1.224334
1.0,27,1.224699
1.0,23,1.225031
1.0,29,1.225505
0.0,14,1.225715
1.0,28,1.226115
1.0,25,1.226471
1.0,24,1.226855
1.0,31,1.227382
1.0,25,1.22778
1.0,35,1.228295
1.0,25,1.228644
1.0,23,1.228961
1.0,26,1.229349
0.0,14,1.229566
1.0,27,1.229953
0.0,21,1.230259
0.0,13,1.230457
1.0,23,1.230779
1.0,25,1.231141
1.0,23,1.231478
1.0,28,1.231861
1.0,23,1.232203
1.0,27,1.232581
1.0,23,1.232909
1.0,26,1.233287
1.0,27,1.233671
1.0,25,1.234041
1.0,23,1.234372
1.0,31,1.234811
1.0,30,1.23526
1.0,23,1.235768
1.0,29,1.236223
1.0,26,1.2366
1.0,23,1.236934
1.0,25,1.237303
1.0,35,1.237795
1.0,23,1.238141
0.0,21,1.23844
1.0,23,1.238769
0.0,4,1.238847
1.0,26,1.239228
1.0,27,1.239605
1.0,23,1.239934
1.0,32,1.240446
1.0,36,1.240982
0.0,17,1.241234
1.0,26,1.241631
1.0,27,1.242055
1.0,24,1.242392
1.0,23,1.242722
0.0,10,1.242873
0.0,17,1.243142
1.0,35,1.243631
1.0,26,1.244011
1.0,25,1.244358
1.0,23,1.244687
1.0,25,1.245043
1.0,25,1.245391
1.0,23,1.245791
1.0,23,1.246142
1.0,28,1.246531
0.0,19,1.246803
0.0,12,1.247022
0.0,12,1.24721
1.0,32,1.247647
1.0,27,1.248034
1.0,25,1.248386
1.0,29,1.248788
1.0,27,1.249197
1.0,27,1.249577
0.0,4,1.249654
1.0,26,1.250036
1.0,27,1.250415
0.0,8,1.250543
1.0,26,1.250897
1.0,25,1.251268
1.0,25,1.251621
1.0,23,1.251952
1.0,27,1.252339
1.0,27,1.25272
0.0,12,1.252897
0.0,5,1.252994
1.0,31,1.253436
1.0,33,1.253909
0.0,16,1.254155
0.0,8,1.254294
1.0,37,1.254793
0.0,17,1.255057
1.0,26,1.255487
1.0,29,1.256
1.0,28,1.256394
1.0,26,1.256751
0.0,18,1.257021
1.0,24,1.257373
1.0,23,1.257707
1.0,23,1.25807
1.0,25,1.258451
1.0,31,1.258899
1.0,25,1.259296
1.0,25,1.259652
1.0,25,1.260017
1.0,25,1.260363
1.0,25,1.260707
0.0,16,1.260937
1.0,27,1.261325
1.0,25,1.261703
1.0,26,1.26209
1.0,23,1.262421
1.0,29,1.262818
0.0,6,1.26292
1.0,25,1.263279
1.0,27,1.263651
1.0,25,1.264009
1.0,26,1.264372
1.0,27,1.264752
1.0,24,1.265099
1.0,23,1.26548
1.0,25,1.265842
0.0,14,1.266068
1.0,29,1.266473
1.0,27,1.266848
1.0,25,1.267208
1.0,23,1.267554
1.0,25,1.267899
0.0,21,1.268221
1.0,24,1.268573
1.0,24,1.268913
0.0,20,1.269207
1.0,23,1.269534
1.0,29,1.269938
0.0,20,1.27023
1.0,27,1.27062
0.0,6,1.270721
0.0,14,1.270926
1.0,30,1.271348
1.0,31,1.271774
1.0,30,1.272195
1.0,24,1.272586
1.0,27,1.272958
1.0,23,1.273317
1.0,25,1.273679
0.0,17,1.273928
0.0,14,1.274159
1.0,24,1.274498
1.0,25,1.274843
1.0,23,1.275184
1.0,25,1.275627
0.0,8,1.27577
1.0,25,1.276146
1.0,23,1.276472
1.0,25,1.276845
0.0,8,1.276989
1.0,24,1.277333
1.0,29,1.277724
0.0,8,1.277855
1.0,31,1.278287
1.0,32,1.278721
1.0,27,1.279113
1.0,28,1.279495
0.0,18,1.279761
1.0,23,1.280096
1.0,24,1.280438
1.0,23,1.280762
1.0,27,1.281163
1.0,24,1.281516
0.0,21,1.281823
1.0,27,1.282222
1.0,34,1.282695
0.0,17,1.282952
0.0,19,1.283231
0.0,4,1.283312
1.0,27,1.283691
1.0,28,1.284086
0.0,14,1.284291
1.0,26,1.284652
0.0,4,1.284728
1.0,24,1.285069
1.0,23,1.28539
0.0,8,1.285587
1.0,25,1.286037
0.0,19,1.286317
1.0,25,1.286672
0.0,22,1.286987
0.0,4,1.287067
0.0,12,1.287252
1.0,23,1.287586
1.0,24,1.287919
1.0,27,1.288302
1.0,23,1.288631
0.0,18,1.288892
1.0,32,1.289331
1.0,23,1.289658
1.0,25,1.290022
0.0,19,1.290294
1.0,23,1.290623
1.0,23,1.290946
1.0,25,1.291304
0.0,23,1.291628
1.0,26,1.291994
1.0,25,1.292349
0.0,20,1.292637
0.0,9,1.29278
1.0,29,1.293189
1.0,27,1.293587
1.0,32,1.294039
1.0,23,1.294366
1.0,26,1.294738
1.0,27,1.295121
1.0,30,1.295597
1.0,25,1.295976
1.0,25,1.296324
1.0,28,1.296709
1.0,31,1.297139
1.0,27,1.297522
1.0,25,1.297871
0.0,13,1.298072
1.0,27,1.298438
1.0,27,1.298801
0.0,16,1.299044
1.0,27,1.29942
1.0,27,1.299789
0.0,12,1.299982
1.0,27,1.300349
1.0,25,1.300694
1.0,26,1.301058
1.0,25,1.301408
0.0,8,1.301539
1.0,26,1.301896
1.0,26,1.302267
1.0,27,1.302634
0.0,14,1.302837
1.0,23,1.303166
0.0,8,1.303298
1.0,25,1.303642
1.0,23,1.303956
1.0,23,1.304288
1.0,27,1.304653
0.0,7,1.304787
1.0,23,1.305125
1.0,31,1.305621
1.0,25,1.306082
1.0,29,1.30648
1.0,25,1.306813
1.0,23,1.307148
0.0,19,1.307413
1.0,27,1.307793
0.0,10,1.307978
0.0,14,1.308183
1.0,23,1.308508
0.0,6,1.30861
1.0,26,1.308954
1.0,27,1.309323
1.0,26,1.309676
1.0,25,1.310037
1.0,25,1.310378
1.0,31,1.310786
1.0,27,1.311162
1.0,25,1.311504
1.0,27,1.31186
0.0,14,1.312079
1.0,23,1.3124
1.0,38,1.31289
0.0,16,1.313133
1.0,25,1.313473
0.0,15,1.313683
1.0,23,1.314008
1.0,23,1.314332
1.0,27,1.314691
1.0,23,1.315018
0.0,15,1.315237
0.0,8,1.315364
0.0,6,1.31546
1.0,25,1.315859
1.0,29,1.316293
0.0,6,1.316409
1.0,27,1.316773
1.0,27,1.317151
1.0,24,1.317482
1.0,26,1.317836
1.0,27,1.318273
0.0,6,1.318377
1.0,27,1.318738
0.0,8,1.318868
1.0,23,1.319203
1.0,27,1.319608
1.0,26,1.319973
1.0,24,1.320321
1.0,29,1.320721
0.0,8,1.320842
1.0,31,1.321304
1.0,23,1.321621
1.0,25,1.321959
1.0,30,1.322371
1.0,29,1.322751
1.0,23,1.323088
1.0,25,1.323433
1.0,27,1.323798
0.0,12,1.323991
1.0,27,1.324362
1.0,27,1.324737
0.0,6,1.324838
1.0,24,1.325183
1.0,23,1.325507
0.0,20,1.325876
1.0,23,1.326297
1.0,25,1.326648
1.0,25,1.327006
1.0,27,1.327377
1.0,26,1.327731
1.0,25,1.328086
0.0,16,1.328337
1.0,24,1.328733
1.0,23,1.329227
0.0,14,1.329521
1.0,25,1.329936
1.0,25,1.330315
1.0,24,1.330659
0.0,8,1.330784
1.0,23,1.331119
1.0,31,1.331528
0.0,19,1.331794
1.0,23,1.332127
1.0,23,1.332454
0.0,16,1.332683
1.0,25,1.333036
0.0,20,1.333311
1.0,28,1.333689
1.0,25,1.334051
1.0,25,1.334391
1.0,25,1.334724
1.0,26,1.335088
0.0,12,1.33527
1.0,25,1.335679
1.0,27,1.336067
0.0,13,1.336257
1.0,25,1.336614
1.0,23,1.336931
1.0,26,1.337299
1.0,23,1.337625
1.0,25,1.337978
0.0,16,1.33822
1.0,25,1.338569
0.0,16,1.338796
1.0,24,1.339149
1.0,27,1.339522
1.0,26,1.339895
1.0,23,1.340234
1.0,25,1.340585
1.0,23,1.34091
1.0,23,1.341251
1.0,26,1.34161
0.0,10,1.341767
1.0,23,1.342101
1.0,23,1.342425
1.0,25,1.34276
1.0,27,1.343147
1.0,24,1.343493
1.0,25,1.343845
0.0,18,1.344121
1.0,23,1.344446
1.0,28,1.344827
0.0,12,1.345023
0.0,14,1.345227
1.0,28,1.345666
0.0,17,1.345935
0.0,16,1.346216
1.0,27,1.346589
1.0,25,1.346935
1.0,27,1.347328
1.0,23,1.347648
1.0,27,1.348029
1.0,23,1.348352
1.0,29,1.348741
1.0,25,1.3491
1.0,29,1.349488
0.0,8,1.349614
1.0,24,1.349941
1.0,28,1.350329
1.0,25,1.350667
1.0,27,1.351047
1.0,26,1.351399
1.0,26,1.351761
1.0,23,1.352108
0.0,19,1.352383
1.0,25,1.352723
1.0,23,1.353068
1.0,25,1.353416
1.0,23,1.353735
1.0,35,1.354209
0.0,17,1.354449
1.0,29,1.354839
1.0,29,1.355244
1.0,26,1.355604
1.0,23,1.356093
1.0,25,1.356472
1.0,27,1.356837
0.0,17,1.357101
1.0,24,1.357438
0.0,8,1.357564
1.0,27,1.35793
1.0,23,1.358391
1.0,30,1.358814
1.0,26,1.359191
1.0,27,1.359557
0.0,14,1.359761
1.0,23,1.360102
0.0,6,1.360213
1.0,28,1.36059
1.0,36,1.361181
